max_number,min_number,average_number,max_length,min_length,average_length,time,fee,sender
114842480084047,0,10937521333473,88,2,14,1701554676,7000,2AQdpHJ2JpcEgPiATUXjQxA8QmafFegfQwSLWSprPicm
114842480084047,0,13511353017265,88,2,14,1701554671,5000,FLiPggWYQyKVTULFWMQjAk26JfK5XRCajfyTmD5weaZ7
114842480091047,0,5479480172212,88,2,15,1701554671,7000,2AQdpHJ2JpcEgPiATUXjQxA8QmafFegfQwSLWSprPicm
114842480098047,0,5479479410260,88,2,15,1701554647,7000,2AQdpHJ2JpcEgPiATUXjQxA8QmafFegfQwSLWSprPicm
114846480005047,0,10938050732976,88,2,14,1701554644,7000,2AQdpHJ2JpcEgPiATUXjQxA8QmafFegfQwSLWSprPicm
114846480012047,0,5613346288464,88,2,15,1701554633,7000,2AQdpHJ2JpcEgPiATUXjQxA8QmafFegfQwSLWSprPicm
114846480019047,0,5352277327298,88,2,15,1701554627,7000,2AQdpHJ2JpcEgPiATUXjQxA8QmafFegfQwSLWSprPicm
114851176320734,0,10938299610624,88,2,14,1701554608,7000,2AQdpHJ2JpcEgPiATUXjQxA8QmafFegfQwSLWSprPicm
114851176320734,0,13512376512738,88,2,14,1701554568,5000,FLiPggWYQyKVTULFWMQjAk26JfK5XRCajfyTmD5weaZ7
114851176320734,0,13512376535679,88,2,14,1701554567,5000,FLiPggWYQyKVTULFWMQjAk26JfK5XRCajfyTmD5weaZ7
114851176327734,0,5479916916415,87,2,15,1701554561,7000,2AQdpHJ2JpcEgPiATUXjQxA8QmafFegfQwSLWSprPicm
114851176327734,0,13512376568266,88,2,14,1701554557,5000,FLiPggWYQyKVTULFWMQjAk26JfK5XRCajfyTmD5weaZ7
114851176327734,0,13512376583559,88,2,14,1701554551,5000,FLiPggWYQyKVTULFWMQjAk26JfK5XRCajfyTmD5weaZ7
114852441456897,0,10938420620917,88,2,14,1701554541,7000,2AQdpHJ2JpcEgPiATUXjQxA8QmafFegfQwSLWSprPicm
114852443505177,0,2740006171519,88,1,14,1701554539,9000,2AQdpHJ2JpcEgPiATUXjQxA8QmafFegfQwSLWSprPicm
114853130902695,0,10938485951277,88,2,14,1701554518,7000,2AQdpHJ2JpcEgPiATUXjQxA8QmafFegfQwSLWSprPicm
114853132950975,0,2773035310572,88,1,14,1701554515,9000,2AQdpHJ2JpcEgPiATUXjQxA8QmafFegfQwSLWSprPicm
114853132957975,0,5480028605919,87,2,15,1701554513,7000,2AQdpHJ2JpcEgPiATUXjQxA8QmafFegfQwSLWSprPicm
114864370989596,0,10939560621269,88,2,14,1701554509,7000,2AQdpHJ2JpcEgPiATUXjQxA8QmafFegfQwSLWSprPicm
114864370989596,0,13513929182589,88,2,14,1701554480,5000,FLiPggWYQyKVTULFWMQjAk26JfK5XRCajfyTmD5weaZ7
114864370996596,0,5353068272012,87,2,15,1701554456,7000,2AQdpHJ2JpcEgPiATUXjQxA8QmafFegfQwSLWSprPicm
114867370903596,0,10939850676149,88,2,14,1701554445,7000,2AQdpHJ2JpcEgPiATUXjQxA8QmafFegfQwSLWSprPicm
114867370910596,0,5353210128476,88,2,15,1701554445,7000,2AQdpHJ2JpcEgPiATUXjQxA8QmafFegfQwSLWSprPicm
114867370910596,0,13514282519163,88,2,14,1701554402,5000,FLiPggWYQyKVTULFWMQjAk26JfK5XRCajfyTmD5weaZ7
114867370910596,0,13514282537986,87,2,14,1701554397,5000,FLiPggWYQyKVTULFWMQjAk26JfK5XRCajfyTmD5weaZ7
115076180854876,0,10959743486726,88,2,14,1701554377,7000,2AQdpHJ2JpcEgPiATUXjQxA8QmafFegfQwSLWSprPicm
115076180854876,0,13538848493191,88,2,14,1701554376,5000,FLiPggWYQyKVTULFWMQjAk26JfK5XRCajfyTmD5weaZ7
115076390068318,0,10959748348454,88,2,14,1701554369,7000,2AQdpHJ2JpcEgPiATUXjQxA8QmafFegfQwSLWSprPicm
115076627154502,0,10959771118563,88,2,14,1701554346,7000,2AQdpHJ2JpcEgPiATUXjQxA8QmafFegfQwSLWSprPicm
115077694825191,0,10959872611006,88,2,14,1701554320,7000,2AQdpHJ2JpcEgPiATUXjQxA8QmafFegfQwSLWSprPicm
115077694825191,0,13539026953803,88,2,14,1701554302,5000,FLiPggWYQyKVTULFWMQjAk26JfK5XRCajfyTmD5weaZ7
115081194634391,0,10960206878542,87,2,14,1701554275,7000,2AQdpHJ2JpcEgPiATUXjQxA8QmafFegfQwSLWSprPicm
115081194634391,0,13539438950169,88,2,14,1701554250,5000,FLiPggWYQyKVTULFWMQjAk26JfK5XRCajfyTmD5weaZ7
115085651243542,0,10960630365120,88,2,14,1701554225,7000,2AQdpHJ2JpcEgPiATUXjQxA8QmafFegfQwSLWSprPicm
115203265346572,0,13553800986279,87,2,14,1701554104,5000,FLiPggWYQyKVTULFWMQjAk26JfK5XRCajfyTmD5weaZ7
115203265346572,0,13553801047454,87,2,14,1701554095,5000,FLiPggWYQyKVTULFWMQjAk26JfK5XRCajfyTmD5weaZ7
115207217297929,0,10972208084562,88,2,14,1701554080,7000,2AQdpHJ2JpcEgPiATUXjQxA8QmafFegfQwSLWSprPicm
115222217304929,0,10973648946674,88,2,14,1701554079,7000,2AQdpHJ2JpcEgPiATUXjQxA8QmafFegfQwSLWSprPicm
115222970622848,0,10973708496456,88,2,14,1701554064,7000,2AQdpHJ2JpcEgPiATUXjQxA8QmafFegfQwSLWSprPicm
115227451895424,0,10974135379558,88,2,14,1701554060,7000,2AQdpHJ2JpcEgPiATUXjQxA8QmafFegfQwSLWSprPicm
115227451902424,0,5742745912139,88,2,15,1701553992,7000,2AQdpHJ2JpcEgPiATUXjQxA8QmafFegfQwSLWSprPicm
115228390791403,0,10974229369097,88,2,14,1701553985,7000,2AQdpHJ2JpcEgPiATUXjQxA8QmafFegfQwSLWSprPicm
115245383202306,0,10975845482899,88,2,14,1701553943,7000,2AQdpHJ2JpcEgPiATUXjQxA8QmafFegfQwSLWSprPicm
115245462396774,0,10975850665382,88,2,14,1701553931,7000,2AQdpHJ2JpcEgPiATUXjQxA8QmafFegfQwSLWSprPicm
115245462403774,0,5370785095342,88,2,15,1701553904,7000,2AQdpHJ2JpcEgPiATUXjQxA8QmafFegfQwSLWSprPicm
115245543966993,0,10976915627766,88,2,14,1701553890,7000,2AQdpHJ2JpcEgPiATUXjQxA8QmafFegfQwSLWSprPicm
115245543966993,0,13558775806288,88,2,14,1701553885,5000,FLiPggWYQyKVTULFWMQjAk26JfK5XRCajfyTmD5weaZ7
115245543966993,0,13558775812758,87,2,14,1701553885,5000,FLiPggWYQyKVTULFWMQjAk26JfK5XRCajfyTmD5weaZ7
115261225800177,0,10977386251045,88,2,14,1701553866,7000,2AQdpHJ2JpcEgPiATUXjQxA8QmafFegfQwSLWSprPicm
115261700904176,0,10977396999409,88,2,14,1701553857,7000,2AQdpHJ2JpcEgPiATUXjQxA8QmafFegfQwSLWSprPicm
115261702952456,0,2749732450954,88,1,14,1701553856,9000,2AQdpHJ2JpcEgPiATUXjQxA8QmafFegfQwSLWSprPicm
115261702952456,0,13560677038687,88,2,14,1701553841,5000,FLiPggWYQyKVTULFWMQjAk26JfK5XRCajfyTmD5weaZ7
115261705000736,0,2783104162747,88,1,14,1701553832,9000,2AQdpHJ2JpcEgPiATUXjQxA8QmafFegfQwSLWSprPicm
115268268222110,0,10978022458254,88,2,14,1701553817,7000,2AQdpHJ2JpcEgPiATUXjQxA8QmafFegfQwSLWSprPicm
115268270270390,0,2783261074274,88,1,14,1701553814,9000,2AQdpHJ2JpcEgPiATUXjQxA8QmafFegfQwSLWSprPicm
115268272318670,0,2783262274645,88,1,14,1701553812,9000,2AQdpHJ2JpcEgPiATUXjQxA8QmafFegfQwSLWSprPicm
115283272325670,0,10979586676546,88,2,14,1701553808,7000,2AQdpHJ2JpcEgPiATUXjQxA8QmafFegfQwSLWSprPicm
115283272325670,0,13563214827292,88,2,14,1701553794,5000,FLiPggWYQyKVTULFWMQjAk26JfK5XRCajfyTmD5weaZ7
115283272332670,0,5500936315177,88,2,15,1701553785,7000,2AQdpHJ2JpcEgPiATUXjQxA8QmafFegfQwSLWSprPicm
115316741339591,0,10982816506247,87,2,14,1701553776,7000,2AQdpHJ2JpcEgPiATUXjQxA8QmafFegfQwSLWSprPicm
115316741339591,0,13567152468337,88,2,14,1701553770,5000,FLiPggWYQyKVTULFWMQjAk26JfK5XRCajfyTmD5weaZ7
115316743387871,0,2784430612273,87,1,14,1701553768,9000,2AQdpHJ2JpcEgPiATUXjQxA8QmafFegfQwSLWSprPicm
115316743387871,0,13567152757544,88,2,14,1701553759,5000,FLiPggWYQyKVTULFWMQjAk26JfK5XRCajfyTmD5weaZ7
115316743394871,0,5502530840221,88,2,15,1701553753,7000,2AQdpHJ2JpcEgPiATUXjQxA8QmafFegfQwSLWSprPicm
115317361125796,0,10982697972880,87,2,14,1701553747,7000,2AQdpHJ2JpcEgPiATUXjQxA8QmafFegfQwSLWSprPicm
115317361125796,0,13567225548472,87,2,14,1701553738,5000,FLiPggWYQyKVTULFWMQjAk26JfK5XRCajfyTmD5weaZ7
115318585032796,0,10984085595022,88,2,14,1701553736,7000,2AQdpHJ2JpcEgPiATUXjQxA8QmafFegfQwSLWSprPicm
115318641822981,0,10982820138729,87,2,14,1701553723,7000,2AQdpHJ2JpcEgPiATUXjQxA8QmafFegfQwSLWSprPicm
115318641822981,0,13567376312255,87,2,14,1701553720,5000,FLiPggWYQyKVTULFWMQjAk26JfK5XRCajfyTmD5weaZ7
115437117081619,0,10994197535192,88,2,14,1701553713,7000,2AQdpHJ2JpcEgPiATUXjQxA8QmafFegfQwSLWSprPicm
115554422636921,0,11005278355065,88,2,14,1701553713,7000,2AQdpHJ2JpcEgPiATUXjQxA8QmafFegfQwSLWSprPicm
115554508856282,0,11005283566730,88,2,14,1701553712,7000,2AQdpHJ2JpcEgPiATUXjQxA8QmafFegfQwSLWSprPicm
115555776792595,0,11005404226852,88,2,14,1701553694,7000,2AQdpHJ2JpcEgPiATUXjQxA8QmafFegfQwSLWSprPicm
115766504764133,0,11025538034138,87,2,14,1701553685,7000,2AQdpHJ2JpcEgPiATUXjQxA8QmafFegfQwSLWSprPicm
115766506812413,0,2795322106148,88,1,14,1701553678,9000,2AQdpHJ2JpcEgPiATUXjQxA8QmafFegfQwSLWSprPicm
115766506812413,0,13620066588055,88,2,14,1701553639,5000,FLiPggWYQyKVTULFWMQjAk26JfK5XRCajfyTmD5weaZ7
115767064040335,0,11025538272370,87,2,14,1701553630,7000,2AQdpHJ2JpcEgPiATUXjQxA8QmafFegfQwSLWSprPicm
118017063947335,0,11459907755862,88,2,14,1701553610,7000,2AQdpHJ2JpcEgPiATUXjQxA8QmafFegfQwSLWSprPicm
118017063954335,0,5768477001062,88,2,15,1701553584,7000,2AQdpHJ2JpcEgPiATUXjQxA8QmafFegfQwSLWSprPicm
118017063961335,0,5768475139208,88,2,15,1701553570,7000,2AQdpHJ2JpcEgPiATUXjQxA8QmafFegfQwSLWSprPicm
118017063968335,0,5631139651702,88,2,15,1701553564,7000,2AQdpHJ2JpcEgPiATUXjQxA8QmafFegfQwSLWSprPicm
118017063968335,0,13884838366381,88,2,14,1701553536,5000,FLiPggWYQyKVTULFWMQjAk26JfK5XRCajfyTmD5weaZ7
118017145132613,0,11239820259211,88,2,14,1701553534,7000,2AQdpHJ2JpcEgPiATUXjQxA8QmafFegfQwSLWSprPicm
118017145139613,0,5768490201702,88,2,15,1701553509,7000,2AQdpHJ2JpcEgPiATUXjQxA8QmafFegfQwSLWSprPicm
118049258241936,0,11242878844788,88,2,14,1701553506,7000,2AQdpHJ2JpcEgPiATUXjQxA8QmafFegfQwSLWSprPicm
118049258248936,0,5501683774613,88,2,15,1701553472,7000,2AQdpHJ2JpcEgPiATUXjQxA8QmafFegfQwSLWSprPicm
118060758155936,0,11243978641936,88,2,14,1701553455,7000,2AQdpHJ2JpcEgPiATUXjQxA8QmafFegfQwSLWSprPicm
118061816993122,0,11244170668970,88,2,14,1701553440,7000,2AQdpHJ2JpcEgPiATUXjQxA8QmafFegfQwSLWSprPicm
118061817000122,0,5770670686819,88,2,15,1701553411,7000,2AQdpHJ2JpcEgPiATUXjQxA8QmafFegfQwSLWSprPicm
118061817007122,0,5633303576813,87,2,15,1701553408,7000,2AQdpHJ2JpcEgPiATUXjQxA8QmafFegfQwSLWSprPicm
118061817014122,0,5502529075468,88,2,15,1701553405,7000,2AQdpHJ2JpcEgPiATUXjQxA8QmafFegfQwSLWSprPicm
118061817014122,0,13890104052330,88,2,14,1701553403,5000,FLiPggWYQyKVTULFWMQjAk26JfK5XRCajfyTmD5weaZ7
118061819062402,0,2985951285702,87,1,14,1701553378,9000,2AQdpHJ2JpcEgPiATUXjQxA8QmafFegfQwSLWSprPicm
118061819069402,0,5502531866666,88,2,15,1701553375,7000,2AQdpHJ2JpcEgPiATUXjQxA8QmafFegfQwSLWSprPicm
118065634882325,0,11244438330586,88,2,14,1701553367,7000,2AQdpHJ2JpcEgPiATUXjQxA8QmafFegfQwSLWSprPicm
118065634889325,0,5633726494912,87,2,15,1701553359,7000,2AQdpHJ2JpcEgPiATUXjQxA8QmafFegfQwSLWSprPicm
118065634896325,0,5771135674068,88,2,15,1701553344,7000,2AQdpHJ2JpcEgPiATUXjQxA8QmafFegfQwSLWSprPicm
118079137124204,0,11245750280065,88,2,14,1701553339,7000,2AQdpHJ2JpcEgPiATUXjQxA8QmafFegfQwSLWSprPicm
118079137124204,0,13892142032914,88,2,14,1701553330,5000,FLiPggWYQyKVTULFWMQjAk26JfK5XRCajfyTmD5weaZ7
118080269318910,0,11253919783734,88,2,14,1701553311,7000,2AQdpHJ2JpcEgPiATUXjQxA8QmafFegfQwSLWSprPicm
118314631225910,0,11271114573658,87,2,14,1701553310,7000,2AQdpHJ2JpcEgPiATUXjQxA8QmafFegfQwSLWSprPicm
118314954117148,0,11268201157892,88,2,14,1701553304,7000,2AQdpHJ2JpcEgPiATUXjQxA8QmafFegfQwSLWSprPicm
118314954117148,0,13919885325608,88,2,14,1701553301,5000,FLiPggWYQyKVTULFWMQjAk26JfK5XRCajfyTmD5weaZ7
118314954117148,0,13919885410898,88,2,14,1701553281,5000,FLiPggWYQyKVTULFWMQjAk26JfK5XRCajfyTmD5weaZ7
118314954117148,0,13919885429133,88,2,14,1701553278,5000,FLiPggWYQyKVTULFWMQjAk26JfK5XRCajfyTmD5weaZ7
118315954124148,0,11268278872719,88,2,14,1701553274,7000,2AQdpHJ2JpcEgPiATUXjQxA8QmafFegfQwSLWSprPicm
118321454131148,0,11268802068552,88,2,14,1701553246,7000,2AQdpHJ2JpcEgPiATUXjQxA8QmafFegfQwSLWSprPicm
118325412339541,0,11269189899637,88,2,14,1701553241,7000,2AQdpHJ2JpcEgPiATUXjQxA8QmafFegfQwSLWSprPicm
118325412346541,0,5646098115152,88,2,15,1701553197,7000,2AQdpHJ2JpcEgPiATUXjQxA8QmafFegfQwSLWSprPicm
118325414394821,0,2857079970949,87,1,14,1701553185,9000,2AQdpHJ2JpcEgPiATUXjQxA8QmafFegfQwSLWSprPicm
118325414401821,0,5783858109237,88,2,15,1701553168,7000,2AQdpHJ2JpcEgPiATUXjQxA8QmafFegfQwSLWSprPicm
118325414408821,0,5783881950958,87,2,15,1701553141,7000,2AQdpHJ2JpcEgPiATUXjQxA8QmafFegfQwSLWSprPicm
118325414415821,0,5646170527981,88,2,15,1701553138,7000,2AQdpHJ2JpcEgPiATUXjQxA8QmafFegfQwSLWSprPicm
118325414422821,0,5514887492782,88,2,15,1701553119,7000,2AQdpHJ2JpcEgPiATUXjQxA8QmafFegfQwSLWSprPicm
118325414422821,0,13921116743887,87,2,14,1701553111,5000,FLiPggWYQyKVTULFWMQjAk26JfK5XRCajfyTmD5weaZ7
118325414422821,0,13921116768003,88,2,14,1701553102,5000,FLiPggWYQyKVTULFWMQjAk26JfK5XRCajfyTmD5weaZ7
118325414422821,0,13921116809767,87,2,14,1701553098,5000,FLiPggWYQyKVTULFWMQjAk26JfK5XRCajfyTmD5weaZ7
118325414429821,0,5646224585927,87,2,15,1701553093,7000,2AQdpHJ2JpcEgPiATUXjQxA8QmafFegfQwSLWSprPicm
118326200300619,0,11269816244791,87,2,14,1701553086,7000,2AQdpHJ2JpcEgPiATUXjQxA8QmafFegfQwSLWSprPicm
118326341300628,0,11269267513238,88,2,14,1701553080,7000,2AQdpHJ2JpcEgPiATUXjQxA8QmafFegfQwSLWSprPicm
118328341207628,0,11279110108650,88,2,14,1701553072,7000,2AQdpHJ2JpcEgPiATUXjQxA8QmafFegfQwSLWSprPicm
118328341214628,0,5515071771599,88,2,15,1701553045,7000,2AQdpHJ2JpcEgPiATUXjQxA8QmafFegfQwSLWSprPicm
118328341214628,0,13921461414673,88,2,14,1701553038,5000,FLiPggWYQyKVTULFWMQjAk26JfK5XRCajfyTmD5weaZ7
118339477841996,0,11276255825981,87,2,14,1701553013,7000,2AQdpHJ2JpcEgPiATUXjQxA8QmafFegfQwSLWSprPicm
118339477848996,0,13922771748121,88,2,14,1701553000,5000,FLiPggWYQyKVTULFWMQjAk26JfK5XRCajfyTmD5weaZ7
118339477848996,0,5784634194107,88,2,15,1701553000,7000,2AQdpHJ2JpcEgPiATUXjQxA8QmafFegfQwSLWSprPicm
118339477855996,0,5646925841927,87,2,15,1701552992,7000,2AQdpHJ2JpcEgPiATUXjQxA8QmafFegfQwSLWSprPicm
118345504088364,0,11271092731101,88,2,14,1701552978,7000,2AQdpHJ2JpcEgPiATUXjQxA8QmafFegfQwSLWSprPicm
118346004095364,0,11271140917379,88,2,14,1701552920,7000,2AQdpHJ2JpcEgPiATUXjQxA8QmafFegfQwSLWSprPicm
118346004095364,0,13923539938854,87,2,14,1701552920,5000,FLiPggWYQyKVTULFWMQjAk26JfK5XRCajfyTmD5weaZ7
118346004102364,0,5515942043121,88,2,15,1701552915,7000,2AQdpHJ2JpcEgPiATUXjQxA8QmafFegfQwSLWSprPicm
118346004102364,0,13923539947910,88,2,14,1701552910,5000,FLiPggWYQyKVTULFWMQjAk26JfK5XRCajfyTmD5weaZ7
118349502590885,0,11271474303233,88,2,14,1701552896,7000,2AQdpHJ2JpcEgPiATUXjQxA8QmafFegfQwSLWSprPicm
118349502597885,0,5516101216462,88,2,15,1701552890,7000,2AQdpHJ2JpcEgPiATUXjQxA8QmafFegfQwSLWSprPicm
118351086637833,0,11277210565283,88,2,14,1701552888,7000,2AQdpHJ2JpcEgPiATUXjQxA8QmafFegfQwSLWSprPicm
118351245023040,0,11271639296294,88,2,14,1701552885,7000,2AQdpHJ2JpcEgPiATUXjQxA8QmafFegfQwSLWSprPicm
118351245030040,0,5774394955459,87,2,15,1701552877,7000,2AQdpHJ2JpcEgPiATUXjQxA8QmafFegfQwSLWSprPicm
118351245030040,0,13924156729981,88,2,14,1701552862,5000,FLiPggWYQyKVTULFWMQjAk26JfK5XRCajfyTmD5weaZ7
118354429752868,0,11271947364845,88,2,14,1701552859,7000,2AQdpHJ2JpcEgPiATUXjQxA8QmafFegfQwSLWSprPicm
118354431801148,0,2857890241829,87,1,14,1701552836,9000,2AQdpHJ2JpcEgPiATUXjQxA8QmafFegfQwSLWSprPicm
118354431801148,0,13924531783634,87,2,14,1701552827,5000,FLiPggWYQyKVTULFWMQjAk26JfK5XRCajfyTmD5weaZ7
118354431801148,0,13924531915394,88,2,14,1701552799,5000,FLiPggWYQyKVTULFWMQjAk26JfK5XRCajfyTmD5weaZ7
118517031708148,0,11287428504386,88,2,14,1701552797,7000,2AQdpHJ2JpcEgPiATUXjQxA8QmafFegfQwSLWSprPicm
118517031715148,0,5793377792665,88,2,15,1701552783,7000,2AQdpHJ2JpcEgPiATUXjQxA8QmafFegfQwSLWSprPicm
118517031715148,0,13943661515858,88,2,14,1701552766,5000,FLiPggWYQyKVTULFWMQjAk26JfK5XRCajfyTmD5weaZ7
118521835939871,0,11287890031075,88,2,14,1701552736,7000,2AQdpHJ2JpcEgPiATUXjQxA8QmafFegfQwSLWSprPicm
118521835939871,0,13944226895818,88,2,14,1701552729,5000,FLiPggWYQyKVTULFWMQjAk26JfK5XRCajfyTmD5weaZ7
118521835946871,0,5655665669176,88,2,15,1701552726,7000,2AQdpHJ2JpcEgPiATUXjQxA8QmafFegfQwSLWSprPicm
118522657601796,0,11287964303770,88,2,14,1701552723,7000,2AQdpHJ2JpcEgPiATUXjQxA8QmafFegfQwSLWSprPicm
118526318953256,0,11288332051525,88,2,14,1701552706,7000,2AQdpHJ2JpcEgPiATUXjQxA8QmafFegfQwSLWSprPicm
118526318953256,0,13944754460329,88,2,14,1701552701,5000,FLiPggWYQyKVTULFWMQjAk26JfK5XRCajfyTmD5weaZ7
118562514960256,0,11291760242662,88,2,14,1701552673,7000,2AQdpHJ2JpcEgPiATUXjQxA8QmafFegfQwSLWSprPicm
118566886529552,0,11292178562639,87,2,14,1701552634,7000,2AQdpHJ2JpcEgPiATUXjQxA8QmafFegfQwSLWSprPicm
118566886529552,0,13949527255174,88,2,14,1701552629,5000,FLiPggWYQyKVTULFWMQjAk26JfK5XRCajfyTmD5weaZ7
118566886536552,0,5657813627263,88,2,15,1701552619,7000,2AQdpHJ2JpcEgPiATUXjQxA8QmafFegfQwSLWSprPicm
118567292560914,0,11292220341959,88,2,14,1701552596,7000,2AQdpHJ2JpcEgPiATUXjQxA8QmafFegfQwSLWSprPicm
118567292567914,0,5526278707167,88,2,15,1701552582,7000,2AQdpHJ2JpcEgPiATUXjQxA8QmafFegfQwSLWSprPicm
118567292574914,0,6069427903878,88,2,15,1701552565,7000,2AQdpHJ2JpcEgPiATUXjQxA8QmafFegfQwSLWSprPicm
118567292574914,0,13949575416966,88,2,14,1701552549,5000,FLiPggWYQyKVTULFWMQjAk26JfK5XRCajfyTmD5weaZ7
118567292581914,0,5657959886426,87,2,15,1701552546,7000,2AQdpHJ2JpcEgPiATUXjQxA8QmafFegfQwSLWSprPicm
118607028740865,0,11296084021681,88,2,14,1701552526,7000,2AQdpHJ2JpcEgPiATUXjQxA8QmafFegfQwSLWSprPicm
118607030789145,0,2829943752471,88,1,14,1701552499,9000,2AQdpHJ2JpcEgPiATUXjQxA8QmafFegfQwSLWSprPicm
118607590105062,0,11296053304042,87,2,14,1701552476,7000,2AQdpHJ2JpcEgPiATUXjQxA8QmafFegfQwSLWSprPicm
118607653056369,0,11296059108924,87,2,14,1701552444,7000,2AQdpHJ2JpcEgPiATUXjQxA8QmafFegfQwSLWSprPicm
118607745525042,0,11296067915463,88,2,14,1701552437,7000,2AQdpHJ2JpcEgPiATUXjQxA8QmafFegfQwSLWSprPicm
118607745532042,0,5528278335584,88,2,15,1701552422,7000,2AQdpHJ2JpcEgPiATUXjQxA8QmafFegfQwSLWSprPicm
118607745532042,0,13954335285426,88,2,14,1701552413,5000,FLiPggWYQyKVTULFWMQjAk26JfK5XRCajfyTmD5weaZ7
118609468685639,0,11296878882659,88,2,14,1701552412,7000,2AQdpHJ2JpcEgPiATUXjQxA8QmafFegfQwSLWSprPicm
118609468685639,0,13954538101728,88,2,14,1701552397,5000,FLiPggWYQyKVTULFWMQjAk26JfK5XRCajfyTmD5weaZ7
118625984647254,0,11303551957247,88,2,14,1701552384,7000,2AQdpHJ2JpcEgPiATUXjQxA8QmafFegfQwSLWSprPicm
118629210186891,0,11298252810034,88,2,14,1701552371,7000,2AQdpHJ2JpcEgPiATUXjQxA8QmafFegfQwSLWSprPicm
118629210186891,0,13956860848926,88,2,14,1701552353,5000,FLiPggWYQyKVTULFWMQjAk26JfK5XRCajfyTmD5weaZ7
118629210186891,0,13956860870102,88,2,14,1701552349,5000,FLiPggWYQyKVTULFWMQjAk26JfK5XRCajfyTmD5weaZ7
118787756093891,0,11313212159622,88,2,14,1701552328,7000,2AQdpHJ2JpcEgPiATUXjQxA8QmafFegfQwSLWSprPicm
118833319246242,0,11331919929910,87,2,14,1701552326,7000,2AQdpHJ2JpcEgPiATUXjQxA8QmafFegfQwSLWSprPicm
118833319246242,0,13980873885313,88,2,14,1701552319,5000,FLiPggWYQyKVTULFWMQjAk26JfK5XRCajfyTmD5weaZ7
118833319253242,0,5670944570218,88,2,15,1701552306,7000,2AQdpHJ2JpcEgPiATUXjQxA8QmafFegfQwSLWSprPicm
118833321301522,0,2869652554056,88,1,14,1701552296,9000,2AQdpHJ2JpcEgPiATUXjQxA8QmafFegfQwSLWSprPicm
118833321301522,0,13980874212989,88,2,14,1701552296,5000,FLiPggWYQyKVTULFWMQjAk26JfK5XRCajfyTmD5weaZ7
118840601589777,0,11322113125629,87,2,14,1701552292,7000,2AQdpHJ2JpcEgPiATUXjQxA8QmafFegfQwSLWSprPicm
118840601596777,0,5809687146765,87,2,15,1701552280,7000,2AQdpHJ2JpcEgPiATUXjQxA8QmafFegfQwSLWSprPicm
118840601603777,0,5671370407852,88,2,15,1701552268,7000,2AQdpHJ2JpcEgPiATUXjQxA8QmafFegfQwSLWSprPicm
118840601610777,0,5539566445248,88,2,15,1701552258,7000,2AQdpHJ2JpcEgPiATUXjQxA8QmafFegfQwSLWSprPicm
118840601617777,0,5539566910645,88,2,15,1701552248,7000,2AQdpHJ2JpcEgPiATUXjQxA8QmafFegfQwSLWSprPicm
118843539561721,0,11318524684572,88,2,14,1701552245,7000,2AQdpHJ2JpcEgPiATUXjQxA8QmafFegfQwSLWSprPicm
118843539568721,0,5810604525462,87,2,15,1701552236,7000,2AQdpHJ2JpcEgPiATUXjQxA8QmafFegfQwSLWSprPicm
118843633820296,0,11318616123973,88,2,14,1701552230,7000,2AQdpHJ2JpcEgPiATUXjQxA8QmafFegfQwSLWSprPicm
118843633820296,0,13982087789888,88,2,14,1701552221,5000,FLiPggWYQyKVTULFWMQjAk26JfK5XRCajfyTmD5weaZ7
118844333727296,0,11318600125163,87,2,14,1701552191,7000,2AQdpHJ2JpcEgPiATUXjQxA8QmafFegfQwSLWSprPicm
118844667397904,0,11318654073770,88,2,14,1701552183,7000,2AQdpHJ2JpcEgPiATUXjQxA8QmafFegfQwSLWSprPicm
118844667404904,0,5671948441000,88,2,15,1701552149,7000,2AQdpHJ2JpcEgPiATUXjQxA8QmafFegfQwSLWSprPicm
118844747382497,0,11318639711363,88,2,14,1701552130,7000,2AQdpHJ2JpcEgPiATUXjQxA8QmafFegfQwSLWSprPicm
118852305431764,0,11319359525577,88,2,14,1701552116,7000,2AQdpHJ2JpcEgPiATUXjQxA8QmafFegfQwSLWSprPicm
118856908007327,0,11320519335115,88,2,14,1701552106,7000,2AQdpHJ2JpcEgPiATUXjQxA8QmafFegfQwSLWSprPicm
118856908007327,0,13983649827749,88,2,14,1701552087,5000,FLiPggWYQyKVTULFWMQjAk26JfK5XRCajfyTmD5weaZ7
118856908007327,0,13983649895391,88,2,14,1701552059,5000,FLiPggWYQyKVTULFWMQjAk26JfK5XRCajfyTmD5weaZ7
118857407914327,0,11323474094012,88,2,14,1701552033,7000,2AQdpHJ2JpcEgPiATUXjQxA8QmafFegfQwSLWSprPicm
118859346846160,0,11320030136458,88,2,14,1701552028,7000,2AQdpHJ2JpcEgPiATUXjQxA8QmafFegfQwSLWSprPicm
118862445725529,0,11320325077350,88,2,14,1701552026,7000,2AQdpHJ2JpcEgPiATUXjQxA8QmafFegfQwSLWSprPicm
118862445725529,0,13984301574584,88,2,14,1701552025,5000,FLiPggWYQyKVTULFWMQjAk26JfK5XRCajfyTmD5weaZ7
118862445725529,0,13984301631053,88,2,14,1701552016,5000,FLiPggWYQyKVTULFWMQjAk26JfK5XRCajfyTmD5weaZ7
118864274031416,0,11320499296326,87,2,14,1701552003,7000,2AQdpHJ2JpcEgPiATUXjQxA8QmafFegfQwSLWSprPicm
118864274031416,0,13984516868212,87,2,14,1701551994,5000,FLiPggWYQyKVTULFWMQjAk26JfK5XRCajfyTmD5weaZ7
118880162185858,0,11326246184915,88,2,14,1701551990,7000,2AQdpHJ2JpcEgPiATUXjQxA8QmafFegfQwSLWSprPicm
118880162192858,0,5673643707988,88,2,15,1701551985,7000,2AQdpHJ2JpcEgPiATUXjQxA8QmafFegfQwSLWSprPicm
118880162199858,0,5812020732945,88,2,15,1701551980,7000,2AQdpHJ2JpcEgPiATUXjQxA8QmafFegfQwSLWSprPicm
118895290244471,0,11323453317241,87,2,14,1701551974,7000,2AQdpHJ2JpcEgPiATUXjQxA8QmafFegfQwSLWSprPicm
145393782525789,0,12585654954351,88,2,15,1701551969,7000,2AQdpHJ2JpcEgPiATUXjQxA8QmafFegfQwSLWSprPicm
118895290258471,0,5674359516363,87,2,15,1701551967,7000,2AQdpHJ2JpcEgPiATUXjQxA8QmafFegfQwSLWSprPicm
118897786324696,0,11323769960005,88,2,14,1701551964,7000,2AQdpHJ2JpcEgPiATUXjQxA8QmafFegfQwSLWSprPicm
118900098846127,0,11323985307794,88,2,14,1701551956,7000,2AQdpHJ2JpcEgPiATUXjQxA8QmafFegfQwSLWSprPicm
118900098846127,0,13988731911693,88,2,14,1701551921,5000,FLiPggWYQyKVTULFWMQjAk26JfK5XRCajfyTmD5weaZ7
118900098846127,0,13988731932869,88,2,14,1701551916,5000,FLiPggWYQyKVTULFWMQjAk26JfK5XRCajfyTmD5weaZ7
118901455157138,0,11324041496160,88,2,14,1701551914,7000,2AQdpHJ2JpcEgPiATUXjQxA8QmafFegfQwSLWSprPicm
118903268644444,0,11324213168587,88,2,14,1701551899,7000,2AQdpHJ2JpcEgPiATUXjQxA8QmafFegfQwSLWSprPicm
118906686476605,0,11324863145147,88,2,14,1701551893,7000,2AQdpHJ2JpcEgPiATUXjQxA8QmafFegfQwSLWSprPicm
118914615722019,0,11325319781261,88,2,14,1701551887,7000,2AQdpHJ2JpcEgPiATUXjQxA8QmafFegfQwSLWSprPicm
118914615729019,0,5675152836112,88,2,15,1701551851,7000,2AQdpHJ2JpcEgPiATUXjQxA8QmafFegfQwSLWSprPicm
118914615729019,0,13990440547297,87,2,14,1701551765,5000,FLiPggWYQyKVTULFWMQjAk26JfK5XRCajfyTmD5weaZ7
118914615729019,0,13990440572002,88,2,14,1701551759,5000,FLiPggWYQyKVTULFWMQjAk26JfK5XRCajfyTmD5weaZ7
118914615736019,0,5676883189162,87,2,15,1701551750,7000,2AQdpHJ2JpcEgPiATUXjQxA8QmafFegfQwSLWSprPicm
118914726170500,0,11325304302577,88,2,14,1701551733,7000,2AQdpHJ2JpcEgPiATUXjQxA8QmafFegfQwSLWSprPicm
118914776199136,0,11325308931929,88,2,14,1701551705,7000,2AQdpHJ2JpcEgPiATUXjQxA8QmafFegfQwSLWSprPicm
118914776206136,0,5815375525595,87,2,15,1701551653,7000,2AQdpHJ2JpcEgPiATUXjQxA8QmafFegfQwSLWSprPicm
118914776213136,0,5815375525933,88,2,15,1701551607,7000,2AQdpHJ2JpcEgPiATUXjQxA8QmafFegfQwSLWSprPicm
118915276164090,0,11325359048038,88,2,14,1701551589,7000,2AQdpHJ2JpcEgPiATUXjQxA8QmafFegfQwSLWSprPicm
118915276171090,0,5544914065397,88,2,15,1701551561,7000,2AQdpHJ2JpcEgPiATUXjQxA8QmafFegfQwSLWSprPicm
118915276178090,0,5676940353040,88,2,15,1701551551,7000,2AQdpHJ2JpcEgPiATUXjQxA8QmafFegfQwSLWSprPicm
118915276185090,0,5676940599539,88,2,15,1701551532,7000,2AQdpHJ2JpcEgPiATUXjQxA8QmafFegfQwSLWSprPicm
118915276185090,0,13990519581489,88,2,14,1701551504,5000,FLiPggWYQyKVTULFWMQjAk26JfK5XRCajfyTmD5weaZ7
118916062712681,0,11325810938237,87,2,14,1701551487,7000,2AQdpHJ2JpcEgPiATUXjQxA8QmafFegfQwSLWSprPicm
118923987691727,0,11326193075144,87,2,14,1701551481,7000,2AQdpHJ2JpcEgPiATUXjQxA8QmafFegfQwSLWSprPicm
118923989740007,0,2838654366832,87,1,14,1701551449,9000,2AQdpHJ2JpcEgPiATUXjQxA8QmafFegfQwSLWSprPicm
118923989740007,0,13991544991466,88,2,14,1701551440,5000,FLiPggWYQyKVTULFWMQjAk26JfK5XRCajfyTmD5weaZ7
118923989747007,0,5677274042964,87,2,15,1701551428,7000,2AQdpHJ2JpcEgPiATUXjQxA8QmafFegfQwSLWSprPicm
118923989747007,0,13991545046405,87,2,14,1701551424,5000,FLiPggWYQyKVTULFWMQjAk26JfK5XRCajfyTmD5weaZ7
118933989754007,0,11327138794250,87,2,14,1701551412,7000,2AQdpHJ2JpcEgPiATUXjQxA8QmafFegfQwSLWSprPicm
118953989761007,0,11329055064706,88,2,14,1701551400,7000,2AQdpHJ2JpcEgPiATUXjQxA8QmafFegfQwSLWSprPicm
118956031993629,0,11329238245640,87,2,14,1701551387,7000,2AQdpHJ2JpcEgPiATUXjQxA8QmafFegfQwSLWSprPicm
118956031993629,0,13995314912470,88,2,14,1701551378,5000,FLiPggWYQyKVTULFWMQjAk26JfK5XRCajfyTmD5weaZ7
118959444672283,0,11329563072175,88,2,14,1701551366,7000,2AQdpHJ2JpcEgPiATUXjQxA8QmafFegfQwSLWSprPicm
118985343177496,0,11333497854189,88,2,14,1701551353,7000,2AQdpHJ2JpcEgPiATUXjQxA8QmafFegfQwSLWSprPicm
118985902011807,0,11332083009270,88,2,14,1701551348,7000,2AQdpHJ2JpcEgPiATUXjQxA8QmafFegfQwSLWSprPicm
148260912525789,0,12726499800365,88,2,15,1701551343,7000,2AQdpHJ2JpcEgPiATUXjQxA8QmafFegfQwSLWSprPicm
118985902018807,0,13998829158366,88,2,14,1701551338,5000,FLiPggWYQyKVTULFWMQjAk26JfK5XRCajfyTmD5weaZ7
118985902018807,0,13998829214247,88,2,14,1701551328,5000,FLiPggWYQyKVTULFWMQjAk26JfK5XRCajfyTmD5weaZ7
1474278937004990,0,75875430590868,87,2,15,1701551327,7000,2AQdpHJ2JpcEgPiATUXjQxA8QmafFegfQwSLWSprPicm
118985902025807,0,13998829219776,88,2,14,1701551327,5000,FLiPggWYQyKVTULFWMQjAk26JfK5XRCajfyTmD5weaZ7
118987487824117,0,11333840590501,88,2,14,1701551314,7000,2AQdpHJ2JpcEgPiATUXjQxA8QmafFegfQwSLWSprPicm
118987487824117,0,13999015863103,88,2,14,1701551308,5000,FLiPggWYQyKVTULFWMQjAk26JfK5XRCajfyTmD5weaZ7
118996172373077,0,11333089541297,88,2,14,1701551303,7000,2AQdpHJ2JpcEgPiATUXjQxA8QmafFegfQwSLWSprPicm
119075232775626,0,11341016706325,88,2,14,1701551299,7000,2AQdpHJ2JpcEgPiATUXjQxA8QmafFegfQwSLWSprPicm
119075232775626,0,14009338893863,88,2,14,1701551279,5000,FLiPggWYQyKVTULFWMQjAk26JfK5XRCajfyTmD5weaZ7
119076241356777,0,11344432879881,87,2,14,1701551274,7000,2AQdpHJ2JpcEgPiATUXjQxA8QmafFegfQwSLWSprPicm
119076243405057,0,2876497147511,87,1,14,1701551272,9000,2AQdpHJ2JpcEgPiATUXjQxA8QmafFegfQwSLWSprPicm
119076243412057,0,5684626109345,88,2,15,1701551245,7000,2AQdpHJ2JpcEgPiATUXjQxA8QmafFegfQwSLWSprPicm
119076243419057,0,5552427130384,87,2,15,1701551242,7000,2AQdpHJ2JpcEgPiATUXjQxA8QmafFegfQwSLWSprPicm
119076719012614,0,11340732056948,88,2,14,1701551233,7000,2AQdpHJ2JpcEgPiATUXjQxA8QmafFegfQwSLWSprPicm
119076719012614,0,14009513957026,88,2,14,1701551215,5000,FLiPggWYQyKVTULFWMQjAk26JfK5XRCajfyTmD5weaZ7
119088788477273,0,11341917320638,88,2,14,1701551186,7000,2AQdpHJ2JpcEgPiATUXjQxA8QmafFegfQwSLWSprPicm
119088788477273,0,14010934003451,88,2,14,1701551184,5000,FLiPggWYQyKVTULFWMQjAk26JfK5XRCajfyTmD5weaZ7
119088788484273,0,5685229602973,87,2,15,1701551163,7000,2AQdpHJ2JpcEgPiATUXjQxA8QmafFegfQwSLWSprPicm
119090375391273,0,11342137545357,88,2,14,1701551158,7000,2AQdpHJ2JpcEgPiATUXjQxA8QmafFegfQwSLWSprPicm
119090375398273,0,5823971531070,87,2,15,1701551116,7000,2AQdpHJ2JpcEgPiATUXjQxA8QmafFegfQwSLWSprPicm
119092308086517,0,11342216921110,88,2,14,1701551099,7000,2AQdpHJ2JpcEgPiATUXjQxA8QmafFegfQwSLWSprPicm
119092716753006,0,11342368964575,88,2,14,1701551078,7000,2AQdpHJ2JpcEgPiATUXjQxA8QmafFegfQwSLWSprPicm
119093844378772,0,11342364190777,88,2,14,1701551074,7000,2AQdpHJ2JpcEgPiATUXjQxA8QmafFegfQwSLWSprPicm
119093844385772,0,5685476749283,88,2,15,1701550999,7000,2AQdpHJ2JpcEgPiATUXjQxA8QmafFegfQwSLWSprPicm
119093844392772,0,5553265662420,87,2,15,1701550980,7000,2AQdpHJ2JpcEgPiATUXjQxA8QmafFegfQwSLWSprPicm
119093844399772,0,5789403667352,88,2,15,1701550978,7000,2AQdpHJ2JpcEgPiATUXjQxA8QmafFegfQwSLWSprPicm
119093844406772,0,5553288918889,88,2,15,1701550941,7000,2AQdpHJ2JpcEgPiATUXjQxA8QmafFegfQwSLWSprPicm
119093912724939,0,11342369673743,88,2,14,1701550932,7000,2AQdpHJ2JpcEgPiATUXjQxA8QmafFegfQwSLWSprPicm
119094116416334,0,11342411323792,88,2,14,1701550920,7000,2AQdpHJ2JpcEgPiATUXjQxA8QmafFegfQwSLWSprPicm
148331438034367,0,13203352228534,88,2,15,1701550916,7000,2AQdpHJ2JpcEgPiATUXjQxA8QmafFegfQwSLWSprPicm
119094116430334,0,5553315524628,88,2,15,1701550883,7000,2AQdpHJ2JpcEgPiATUXjQxA8QmafFegfQwSLWSprPicm
119094116437334,0,5824259615607,87,2,15,1701550851,7000,2AQdpHJ2JpcEgPiATUXjQxA8QmafFegfQwSLWSprPicm
119094116444334,0,5685546614195,87,2,15,1701550839,7000,2AQdpHJ2JpcEgPiATUXjQxA8QmafFegfQwSLWSprPicm
119094116451334,0,5824860055497,88,2,15,1701550836,7000,2AQdpHJ2JpcEgPiATUXjQxA8QmafFegfQwSLWSprPicm
119094116458334,0,5685927722956,88,2,15,1701550827,7000,2AQdpHJ2JpcEgPiATUXjQxA8QmafFegfQwSLWSprPicm
119094116458334,0,14011561946451,88,2,14,1701550825,5000,FLiPggWYQyKVTULFWMQjAk26JfK5XRCajfyTmD5weaZ7
119094116465334,0,5824621661272,88,2,15,1701550825,7000,2AQdpHJ2JpcEgPiATUXjQxA8QmafFegfQwSLWSprPicm
119094346730708,0,11342427959828,88,2,14,1701550818,7000,2AQdpHJ2JpcEgPiATUXjQxA8QmafFegfQwSLWSprPicm
119094348778988,0,2842993431219,88,1,14,1701550799,9000,2AQdpHJ2JpcEgPiATUXjQxA8QmafFegfQwSLWSprPicm
119263152685988,0,11358543332325,88,2,14,1701550797,7000,2AQdpHJ2JpcEgPiATUXjQxA8QmafFegfQwSLWSprPicm
119263250901120,0,11358501930281,88,2,14,1701550794,7000,2AQdpHJ2JpcEgPiATUXjQxA8QmafFegfQwSLWSprPicm
119263250908120,0,5693995584140,87,2,15,1701550766,7000,2AQdpHJ2JpcEgPiATUXjQxA8QmafFegfQwSLWSprPicm
119263250915120,0,5561584059255,88,2,15,1701550748,7000,2AQdpHJ2JpcEgPiATUXjQxA8QmafFegfQwSLWSprPicm
119263250922120,0,5561630106111,88,2,15,1701550744,7000,2AQdpHJ2JpcEgPiATUXjQxA8QmafFegfQwSLWSprPicm
119263250922120,0,14031460389819,88,2,14,1701550722,5000,FLiPggWYQyKVTULFWMQjAk26JfK5XRCajfyTmD5weaZ7
119263250922120,0,14031460428641,88,2,14,1701550713,5000,FLiPggWYQyKVTULFWMQjAk26JfK5XRCajfyTmD5weaZ7
119263407759099,0,11358511937487,88,2,14,1701550696,7000,2AQdpHJ2JpcEgPiATUXjQxA8QmafFegfQwSLWSprPicm
119264412899284,0,11358618325487,88,2,14,1701550696,7000,2AQdpHJ2JpcEgPiATUXjQxA8QmafFegfQwSLWSprPicm
119267386416558,0,11358890945380,88,2,14,1701550691,7000,2AQdpHJ2JpcEgPiATUXjQxA8QmafFegfQwSLWSprPicm
119267386416558,0,14031947119745,88,2,14,1701550681,5000,FLiPggWYQyKVTULFWMQjAk26JfK5XRCajfyTmD5weaZ7
119267386423558,0,5833183947439,88,2,15,1701550665,7000,2AQdpHJ2JpcEgPiATUXjQxA8QmafFegfQwSLWSprPicm
119267713125585,0,11358922068099,88,2,14,1701550660,7000,2AQdpHJ2JpcEgPiATUXjQxA8QmafFegfQwSLWSprPicm
119267713125585,0,14031985757269,88,2,14,1701550636,5000,FLiPggWYQyKVTULFWMQjAk26JfK5XRCajfyTmD5weaZ7
119267715173865,0,2882083036082,88,1,14,1701550611,9000,2AQdpHJ2JpcEgPiATUXjQxA8QmafFegfQwSLWSprPicm
119267715173865,0,14031986134708,88,2,14,1701550608,5000,FLiPggWYQyKVTULFWMQjAk26JfK5XRCajfyTmD5weaZ7
119268748515158,0,11359039834982,88,2,14,1701550586,7000,2AQdpHJ2JpcEgPiATUXjQxA8QmafFegfQwSLWSprPicm
119278948522158,0,11359993214178,88,2,14,1701550568,7000,2AQdpHJ2JpcEgPiATUXjQxA8QmafFegfQwSLWSprPicm
119280518768571,0,11360141557415,87,2,14,1701550559,7000,2AQdpHJ2JpcEgPiATUXjQxA8QmafFegfQwSLWSprPicm
119280518768571,0,14033492678778,88,2,14,1701550543,5000,FLiPggWYQyKVTULFWMQjAk26JfK5XRCajfyTmD5weaZ7
1474509405243565,0,77795568579227,88,2,15,1701550532,7000,2AQdpHJ2JpcEgPiATUXjQxA8QmafFegfQwSLWSprPicm
119280518775571,0,14033492761951,88,2,14,1701550523,5000,FLiPggWYQyKVTULFWMQjAk26JfK5XRCajfyTmD5weaZ7
119281193968104,0,11360206052601,88,2,14,1701550518,7000,2AQdpHJ2JpcEgPiATUXjQxA8QmafFegfQwSLWSprPicm
119281193975104,0,5562525763900,88,2,15,1701550509,7000,2AQdpHJ2JpcEgPiATUXjQxA8QmafFegfQwSLWSprPicm
119282639675277,0,11360343548520,88,2,14,1701550501,7000,2AQdpHJ2JpcEgPiATUXjQxA8QmafFegfQwSLWSprPicm
119282639675277,0,14033742408380,88,2,14,1701550492,5000,FLiPggWYQyKVTULFWMQjAk26JfK5XRCajfyTmD5weaZ7
119282639675277,0,14033742451908,88,2,14,1701550481,5000,FLiPggWYQyKVTULFWMQjAk26JfK5XRCajfyTmD5weaZ7
119282869825906,0,11360366420481,88,2,14,1701550481,7000,2AQdpHJ2JpcEgPiATUXjQxA8QmafFegfQwSLWSprPicm
119282869825906,0,14033769555510,88,2,14,1701550476,5000,FLiPggWYQyKVTULFWMQjAk26JfK5XRCajfyTmD5weaZ7
119312869832906,0,11369893589025,87,2,14,1701550469,7000,2AQdpHJ2JpcEgPiATUXjQxA8QmafFegfQwSLWSprPicm
119314911684804,0,11363418975718,88,2,14,1701550458,7000,2AQdpHJ2JpcEgPiATUXjQxA8QmafFegfQwSLWSprPicm
119314913733084,0,2848311439571,88,1,14,1701550454,9000,2AQdpHJ2JpcEgPiATUXjQxA8QmafFegfQwSLWSprPicm
119314913733084,0,14037539597523,88,2,14,1701550435,5000,FLiPggWYQyKVTULFWMQjAk26JfK5XRCajfyTmD5weaZ7
119322896469160,0,11364177528875,88,2,14,1701550414,7000,2AQdpHJ2JpcEgPiATUXjQxA8QmafFegfQwSLWSprPicm
119322896469160,0,14038478922935,88,2,14,1701550393,5000,FLiPggWYQyKVTULFWMQjAk26JfK5XRCajfyTmD5weaZ7
119323055376160,0,11364192884114,88,2,14,1701550368,7000,2AQdpHJ2JpcEgPiATUXjQxA8QmafFegfQwSLWSprPicm
119323055383160,0,5696980511589,87,2,15,1701550364,7000,2AQdpHJ2JpcEgPiATUXjQxA8QmafFegfQwSLWSprPicm
119323055383160,0,14038497835160,88,2,14,1701550342,5000,FLiPggWYQyKVTULFWMQjAk26JfK5XRCajfyTmD5weaZ7
119328055390160,0,11364669806551,87,2,14,1701550340,7000,2AQdpHJ2JpcEgPiATUXjQxA8QmafFegfQwSLWSprPicm
119328055390160,0,14039086085982,88,2,14,1701550338,5000,FLiPggWYQyKVTULFWMQjAk26JfK5XRCajfyTmD5weaZ7
119329072077065,0,11364765681994,88,2,14,1701550319,7000,2AQdpHJ2JpcEgPiATUXjQxA8QmafFegfQwSLWSprPicm
119329072084065,0,5836429853920,88,2,15,1701550317,7000,2AQdpHJ2JpcEgPiATUXjQxA8QmafFegfQwSLWSprPicm
119334967655667,0,11365327356145,88,2,14,1701550313,7000,2AQdpHJ2JpcEgPiATUXjQxA8QmafFegfQwSLWSprPicm
119334967655667,0,14039899449563,88,2,14,1701550298,5000,FLiPggWYQyKVTULFWMQjAk26JfK5XRCajfyTmD5weaZ7
119334967655667,0,14039899463680,88,2,14,1701550294,5000,FLiPggWYQyKVTULFWMQjAk26JfK5XRCajfyTmD5weaZ7
119334967662667,0,5565035679796,87,2,15,1701550293,7000,2AQdpHJ2JpcEgPiATUXjQxA8QmafFegfQwSLWSprPicm
119334967669667,0,5565042656861,88,2,15,1701550288,7000,2AQdpHJ2JpcEgPiATUXjQxA8QmafFegfQwSLWSprPicm
119339856270284,0,11366681670463,87,2,14,1701550286,7000,2AQdpHJ2JpcEgPiATUXjQxA8QmafFegfQwSLWSprPicm
119348460809239,0,11366624414616,88,2,14,1701550275,7000,2AQdpHJ2JpcEgPiATUXjQxA8QmafFegfQwSLWSprPicm
119348460816239,0,5565672570652,87,2,15,1701550274,7000,2AQdpHJ2JpcEgPiATUXjQxA8QmafFegfQwSLWSprPicm
119349433824963,0,11366705086548,88,2,14,1701550272,7000,2AQdpHJ2JpcEgPiATUXjQxA8QmafFegfQwSLWSprPicm
119349433824963,0,14041601488294,88,2,14,1701550248,5000,FLiPggWYQyKVTULFWMQjAk26JfK5XRCajfyTmD5weaZ7
119349433831963,0,5837341314878,88,2,15,1701550239,7000,2AQdpHJ2JpcEgPiATUXjQxA8QmafFegfQwSLWSprPicm
1580171749121279,0,80935256492186,88,2,15,1701550233,7000,2AQdpHJ2JpcEgPiATUXjQxA8QmafFegfQwSLWSprPicm
119349951894356,0,11366755382604,88,2,14,1701550225,7000,2AQdpHJ2JpcEgPiATUXjQxA8QmafFegfQwSLWSprPicm
119349951894356,0,14041662525276,88,2,14,1701550222,5000,FLiPggWYQyKVTULFWMQjAk26JfK5XRCajfyTmD5weaZ7
119349951894356,0,14041662534688,87,2,14,1701550220,5000,FLiPggWYQyKVTULFWMQjAk26JfK5XRCajfyTmD5weaZ7
119349951901356,0,5837341981574,88,2,15,1701550216,7000,2AQdpHJ2JpcEgPiATUXjQxA8QmafFegfQwSLWSprPicm
119349951908356,0,5565856136910,87,2,15,1701550206,7000,2AQdpHJ2JpcEgPiATUXjQxA8QmafFegfQwSLWSprPicm
119349951908356,0,14041662603390,88,2,14,1701550201,5000,FLiPggWYQyKVTULFWMQjAk26JfK5XRCajfyTmD5weaZ7
119350814834566,0,11366836420784,88,2,14,1701550200,7000,2AQdpHJ2JpcEgPiATUXjQxA8QmafFegfQwSLWSprPicm
119350814834566,0,14041764140002,88,2,14,1701550199,5000,FLiPggWYQyKVTULFWMQjAk26JfK5XRCajfyTmD5weaZ7
119350814834566,0,14041764152355,88,2,14,1701550197,5000,FLiPggWYQyKVTULFWMQjAk26JfK5XRCajfyTmD5weaZ7
119366709354473,0,11369712097390,88,2,14,1701550195,7000,2AQdpHJ2JpcEgPiATUXjQxA8QmafFegfQwSLWSprPicm
119366709354473,0,14043634111755,88,2,14,1701550193,5000,FLiPggWYQyKVTULFWMQjAk26JfK5XRCajfyTmD5weaZ7
119366709354473,0,14043634139989,88,2,14,1701550187,5000,FLiPggWYQyKVTULFWMQjAk26JfK5XRCajfyTmD5weaZ7
119366709361473,0,5838178214457,88,2,15,1701550185,7000,2AQdpHJ2JpcEgPiATUXjQxA8QmafFegfQwSLWSprPicm
119367809368473,0,11368456833436,88,2,14,1701550178,7000,2AQdpHJ2JpcEgPiATUXjQxA8QmafFegfQwSLWSprPicm
119391594359220,0,11370870902069,88,2,14,1701550174,7000,2AQdpHJ2JpcEgPiATUXjQxA8QmafFegfQwSLWSprPicm
119392734907609,0,11371196908789,88,2,14,1701550173,7000,2AQdpHJ2JpcEgPiATUXjQxA8QmafFegfQwSLWSprPicm
119395903231441,0,11371131506196,88,2,14,1701550172,7000,2AQdpHJ2JpcEgPiATUXjQxA8QmafFegfQwSLWSprPicm
2548469069,0,416813954,158,2,16,1701554666,5000,LeiZNZYj56ZQjveMM7NgLAaDPM9QtGHv2qocSy6teAV
2548484069,0,416815719,158,2,16,1701554666,5000,LeiZNZYj56ZQjveMM7NgLAaDPM9QtGHv2qocSy6teAV
2548479069,0,416815131,158,2,16,1701554666,5000,LeiZNZYj56ZQjveMM7NgLAaDPM9QtGHv2qocSy6teAV
2548489069,0,416816307,158,2,16,1701554664,5000,LeiZNZYj56ZQjveMM7NgLAaDPM9QtGHv2qocSy6teAV
2548494069,0,416816895,158,2,16,1701554664,5000,LeiZNZYj56ZQjveMM7NgLAaDPM9QtGHv2qocSy6teAV
2548499069,0,416817483,158,2,16,1701554664,5000,LeiZNZYj56ZQjveMM7NgLAaDPM9QtGHv2qocSy6teAV
2548504069,0,416818071,158,2,16,1701554663,5000,LeiZNZYj56ZQjveMM7NgLAaDPM9QtGHv2qocSy6teAV
2548509069,0,416818659,158,2,16,1701554662,5000,LeiZNZYj56ZQjveMM7NgLAaDPM9QtGHv2qocSy6teAV
2548514069,0,416819248,158,2,16,1701554662,5000,LeiZNZYj56ZQjveMM7NgLAaDPM9QtGHv2qocSy6teAV
2548519069,0,416819836,158,2,16,1701554662,5000,LeiZNZYj56ZQjveMM7NgLAaDPM9QtGHv2qocSy6teAV
2548524069,0,416820424,158,2,16,1701554660,5000,LeiZNZYj56ZQjveMM7NgLAaDPM9QtGHv2qocSy6teAV
2548529069,0,416821012,158,2,16,1701554659,5000,LeiZNZYj56ZQjveMM7NgLAaDPM9QtGHv2qocSy6teAV
2548534069,0,416821600,158,2,16,1701554658,5000,LeiZNZYj56ZQjveMM7NgLAaDPM9QtGHv2qocSy6teAV
2548539069,0,416822188,158,2,16,1701554657,5000,LeiZNZYj56ZQjveMM7NgLAaDPM9QtGHv2qocSy6teAV
2548544069,0,416822776,158,2,16,1701554656,5000,LeiZNZYj56ZQjveMM7NgLAaDPM9QtGHv2qocSy6teAV
2548549069,0,416823364,158,2,16,1701554656,5000,LeiZNZYj56ZQjveMM7NgLAaDPM9QtGHv2qocSy6teAV
2548554069,0,416823952,158,2,16,1701554656,5000,LeiZNZYj56ZQjveMM7NgLAaDPM9QtGHv2qocSy6teAV
2548559069,0,416824541,158,2,16,1701554656,5000,LeiZNZYj56ZQjveMM7NgLAaDPM9QtGHv2qocSy6teAV
2548564069,0,416825129,158,2,16,1701554654,5000,LeiZNZYj56ZQjveMM7NgLAaDPM9QtGHv2qocSy6teAV
2548569069,0,416825717,158,2,16,1701554654,5000,LeiZNZYj56ZQjveMM7NgLAaDPM9QtGHv2qocSy6teAV
2548574069,0,416826305,158,2,16,1701554654,5000,LeiZNZYj56ZQjveMM7NgLAaDPM9QtGHv2qocSy6teAV
2548579069,0,416826893,158,2,16,1701554654,5000,LeiZNZYj56ZQjveMM7NgLAaDPM9QtGHv2qocSy6teAV
2548584069,0,416827481,158,2,16,1701554652,5000,LeiZNZYj56ZQjveMM7NgLAaDPM9QtGHv2qocSy6teAV
2548589069,0,416828069,158,2,16,1701554651,5000,LeiZNZYj56ZQjveMM7NgLAaDPM9QtGHv2qocSy6teAV
2548594069,0,416828657,158,2,16,1701554651,5000,LeiZNZYj56ZQjveMM7NgLAaDPM9QtGHv2qocSy6teAV
2548599069,0,416829246,155,2,16,1701554650,5000,LeiZNZYj56ZQjveMM7NgLAaDPM9QtGHv2qocSy6teAV
2548604069,0,416829834,158,2,16,1701554649,5000,LeiZNZYj56ZQjveMM7NgLAaDPM9QtGHv2qocSy6teAV
2548609069,0,416830421,158,2,16,1701554648,5000,LeiZNZYj56ZQjveMM7NgLAaDPM9QtGHv2qocSy6teAV
2548614069,0,416831010,158,2,16,1701554647,5000,LeiZNZYj56ZQjveMM7NgLAaDPM9QtGHv2qocSy6teAV
2548619069,0,416831598,158,2,16,1701554646,5000,LeiZNZYj56ZQjveMM7NgLAaDPM9QtGHv2qocSy6teAV
2548624069,0,416832186,158,2,16,1701554646,5000,LeiZNZYj56ZQjveMM7NgLAaDPM9QtGHv2qocSy6teAV
2548629069,0,416832774,158,2,16,1701554646,5000,LeiZNZYj56ZQjveMM7NgLAaDPM9QtGHv2qocSy6teAV
2548634069,0,416833362,158,2,16,1701554645,5000,LeiZNZYj56ZQjveMM7NgLAaDPM9QtGHv2qocSy6teAV
2548639069,0,416833950,158,2,16,1701554644,5000,LeiZNZYj56ZQjveMM7NgLAaDPM9QtGHv2qocSy6teAV
2548644069,0,416834538,158,2,16,1701554644,5000,LeiZNZYj56ZQjveMM7NgLAaDPM9QtGHv2qocSy6teAV
2548649069,0,416835127,158,2,16,1701554643,5000,LeiZNZYj56ZQjveMM7NgLAaDPM9QtGHv2qocSy6teAV
2548654069,0,416835715,158,2,16,1701554642,5000,LeiZNZYj56ZQjveMM7NgLAaDPM9QtGHv2qocSy6teAV
2548659069,0,416836303,158,2,16,1701554642,5000,LeiZNZYj56ZQjveMM7NgLAaDPM9QtGHv2qocSy6teAV
2548664069,0,416836891,158,2,16,1701554640,5000,LeiZNZYj56ZQjveMM7NgLAaDPM9QtGHv2qocSy6teAV
2548669069,0,416837479,158,2,16,1701554638,5000,LeiZNZYj56ZQjveMM7NgLAaDPM9QtGHv2qocSy6teAV
2548674069,0,416838067,158,2,16,1701554638,5000,LeiZNZYj56ZQjveMM7NgLAaDPM9QtGHv2qocSy6teAV
2548679069,0,416838655,158,2,16,1701554637,5000,LeiZNZYj56ZQjveMM7NgLAaDPM9QtGHv2qocSy6teAV
2548684069,0,416839243,158,2,16,1701554637,5000,LeiZNZYj56ZQjveMM7NgLAaDPM9QtGHv2qocSy6teAV
2548689069,0,416839831,158,2,16,1701554637,5000,LeiZNZYj56ZQjveMM7NgLAaDPM9QtGHv2qocSy6teAV
2548694069,0,416840419,158,2,16,1701554635,5000,LeiZNZYj56ZQjveMM7NgLAaDPM9QtGHv2qocSy6teAV
2548699069,0,416841007,158,2,16,1701554635,5000,LeiZNZYj56ZQjveMM7NgLAaDPM9QtGHv2qocSy6teAV
2548704069,0,416841596,158,2,16,1701554635,5000,LeiZNZYj56ZQjveMM7NgLAaDPM9QtGHv2qocSy6teAV
2548709069,0,416842184,158,2,16,1701554634,5000,LeiZNZYj56ZQjveMM7NgLAaDPM9QtGHv2qocSy6teAV
2548714069,0,416842772,158,2,16,1701554633,5000,LeiZNZYj56ZQjveMM7NgLAaDPM9QtGHv2qocSy6teAV
2548724069,0,416843948,158,2,16,1701554633,5000,LeiZNZYj56ZQjveMM7NgLAaDPM9QtGHv2qocSy6teAV
2548719069,0,416843360,158,2,16,1701554633,5000,LeiZNZYj56ZQjveMM7NgLAaDPM9QtGHv2qocSy6teAV
2548729069,0,416844536,158,2,16,1701554632,5000,LeiZNZYj56ZQjveMM7NgLAaDPM9QtGHv2qocSy6teAV
2548734069,0,416845124,158,2,16,1701554632,5000,LeiZNZYj56ZQjveMM7NgLAaDPM9QtGHv2qocSy6teAV
2548739069,0,416845712,158,2,16,1701554630,5000,LeiZNZYj56ZQjveMM7NgLAaDPM9QtGHv2qocSy6teAV
2548744069,0,416846300,158,2,16,1701554629,5000,LeiZNZYj56ZQjveMM7NgLAaDPM9QtGHv2qocSy6teAV
2548749069,0,416846889,158,2,16,1701554629,5000,LeiZNZYj56ZQjveMM7NgLAaDPM9QtGHv2qocSy6teAV
2548754069,0,416847477,158,2,16,1701554628,5000,LeiZNZYj56ZQjveMM7NgLAaDPM9QtGHv2qocSy6teAV
2548759069,0,416848065,158,2,16,1701554627,5000,LeiZNZYj56ZQjveMM7NgLAaDPM9QtGHv2qocSy6teAV
2548764069,0,416848653,158,2,16,1701554627,5000,LeiZNZYj56ZQjveMM7NgLAaDPM9QtGHv2qocSy6teAV
2548769069,0,416849241,158,2,16,1701554626,5000,LeiZNZYj56ZQjveMM7NgLAaDPM9QtGHv2qocSy6teAV
2548779069,0,416850417,158,2,16,1701554625,5000,LeiZNZYj56ZQjveMM7NgLAaDPM9QtGHv2qocSy6teAV
2548774069,0,416849829,158,2,16,1701554625,5000,LeiZNZYj56ZQjveMM7NgLAaDPM9QtGHv2qocSy6teAV
2548784069,0,416851005,158,2,16,1701554624,5000,LeiZNZYj56ZQjveMM7NgLAaDPM9QtGHv2qocSy6teAV
2548789069,0,416851594,158,2,16,1701554624,5000,LeiZNZYj56ZQjveMM7NgLAaDPM9QtGHv2qocSy6teAV
2548794069,0,416852182,158,2,16,1701554624,5000,LeiZNZYj56ZQjveMM7NgLAaDPM9QtGHv2qocSy6teAV
2548799069,0,416852770,158,2,16,1701554623,5000,LeiZNZYj56ZQjveMM7NgLAaDPM9QtGHv2qocSy6teAV
2548809069,0,337453194,158,3,15,1701554621,5000,LeiZNZYj56ZQjveMM7NgLAaDPM9QtGHv2qocSy6teAV
2548804069,0,416853358,158,2,16,1701554621,5000,LeiZNZYj56ZQjveMM7NgLAaDPM9QtGHv2qocSy6teAV
2548814069,0,416854534,158,2,16,1701554621,5000,LeiZNZYj56ZQjveMM7NgLAaDPM9QtGHv2qocSy6teAV
2548819069,0,416855122,158,2,16,1701554619,5000,LeiZNZYj56ZQjveMM7NgLAaDPM9QtGHv2qocSy6teAV
2548824069,0,416855710,158,2,16,1701554619,5000,LeiZNZYj56ZQjveMM7NgLAaDPM9QtGHv2qocSy6teAV
2548829069,0,416856298,158,2,16,1701554618,5000,LeiZNZYj56ZQjveMM7NgLAaDPM9QtGHv2qocSy6teAV
2548834069,0,416856887,155,2,16,1701554618,5000,LeiZNZYj56ZQjveMM7NgLAaDPM9QtGHv2qocSy6teAV
2548839069,0,416857475,158,2,16,1701554617,5000,LeiZNZYj56ZQjveMM7NgLAaDPM9QtGHv2qocSy6teAV
2548844069,0,416858063,158,2,16,1701554615,5000,LeiZNZYj56ZQjveMM7NgLAaDPM9QtGHv2qocSy6teAV
2548849069,0,416858651,158,2,16,1701554614,5000,LeiZNZYj56ZQjveMM7NgLAaDPM9QtGHv2qocSy6teAV
2548854069,0,416859239,158,2,16,1701554614,5000,LeiZNZYj56ZQjveMM7NgLAaDPM9QtGHv2qocSy6teAV
2548859069,0,416859827,158,2,16,1701554612,5000,LeiZNZYj56ZQjveMM7NgLAaDPM9QtGHv2qocSy6teAV
2548864069,0,416860415,158,2,16,1701554612,5000,LeiZNZYj56ZQjveMM7NgLAaDPM9QtGHv2qocSy6teAV
2548874069,0,416861591,158,2,16,1701554612,5000,LeiZNZYj56ZQjveMM7NgLAaDPM9QtGHv2qocSy6teAV
2548869069,0,416861003,158,2,16,1701554612,5000,LeiZNZYj56ZQjveMM7NgLAaDPM9QtGHv2qocSy6teAV
2548879069,0,416862179,158,2,16,1701554610,5000,LeiZNZYj56ZQjveMM7NgLAaDPM9QtGHv2qocSy6teAV
2548884069,0,416862768,158,2,16,1701554610,5000,LeiZNZYj56ZQjveMM7NgLAaDPM9QtGHv2qocSy6teAV
2548889069,0,416863356,158,2,16,1701554608,5000,LeiZNZYj56ZQjveMM7NgLAaDPM9QtGHv2qocSy6teAV
2548894069,0,416863944,158,2,16,1701554608,5000,LeiZNZYj56ZQjveMM7NgLAaDPM9QtGHv2qocSy6teAV
2548899069,0,416864532,158,2,16,1701554608,5000,LeiZNZYj56ZQjveMM7NgLAaDPM9QtGHv2qocSy6teAV
2548909069,0,416865708,158,2,16,1701554607,5000,LeiZNZYj56ZQjveMM7NgLAaDPM9QtGHv2qocSy6teAV
2548904069,0,416865120,158,2,16,1701554607,5000,LeiZNZYj56ZQjveMM7NgLAaDPM9QtGHv2qocSy6teAV
2548914069,0,416866296,158,2,16,1701554606,5000,LeiZNZYj56ZQjveMM7NgLAaDPM9QtGHv2qocSy6teAV
2548919069,0,416866884,158,2,16,1701554606,5000,LeiZNZYj56ZQjveMM7NgLAaDPM9QtGHv2qocSy6teAV
2548924069,0,416867473,158,2,16,1701554605,5000,LeiZNZYj56ZQjveMM7NgLAaDPM9QtGHv2qocSy6teAV
2548929069,0,416868060,158,2,16,1701554603,5000,LeiZNZYj56ZQjveMM7NgLAaDPM9QtGHv2qocSy6teAV
2548934069,0,416868649,158,2,16,1701554602,5000,LeiZNZYj56ZQjveMM7NgLAaDPM9QtGHv2qocSy6teAV
2548939069,0,416869237,158,2,16,1701554601,5000,LeiZNZYj56ZQjveMM7NgLAaDPM9QtGHv2qocSy6teAV
2548944069,0,416869825,158,2,16,1701554600,5000,LeiZNZYj56ZQjveMM7NgLAaDPM9QtGHv2qocSy6teAV
2548949069,0,416870413,158,2,16,1701554600,5000,LeiZNZYj56ZQjveMM7NgLAaDPM9QtGHv2qocSy6teAV
2548959069,0,416871589,158,2,16,1701554600,5000,LeiZNZYj56ZQjveMM7NgLAaDPM9QtGHv2qocSy6teAV
2548954069,0,416871001,158,2,16,1701554600,5000,LeiZNZYj56ZQjveMM7NgLAaDPM9QtGHv2qocSy6teAV
2548964069,0,416872177,158,2,16,1701554599,5000,LeiZNZYj56ZQjveMM7NgLAaDPM9QtGHv2qocSy6teAV
2548969069,0,416872766,158,2,16,1701554599,5000,LeiZNZYj56ZQjveMM7NgLAaDPM9QtGHv2qocSy6teAV
2548974069,0,416873354,158,2,16,1701554598,5000,LeiZNZYj56ZQjveMM7NgLAaDPM9QtGHv2qocSy6teAV
2548979069,0,416873942,158,2,16,1701554598,5000,LeiZNZYj56ZQjveMM7NgLAaDPM9QtGHv2qocSy6teAV
2548984069,0,416874530,155,2,16,1701554597,5000,LeiZNZYj56ZQjveMM7NgLAaDPM9QtGHv2qocSy6teAV
2548989069,0,416875118,158,2,16,1701554596,5000,LeiZNZYj56ZQjveMM7NgLAaDPM9QtGHv2qocSy6teAV
2548994069,0,416875706,158,2,16,1701554594,5000,LeiZNZYj56ZQjveMM7NgLAaDPM9QtGHv2qocSy6teAV
2548999069,0,416876294,158,2,16,1701554593,5000,LeiZNZYj56ZQjveMM7NgLAaDPM9QtGHv2qocSy6teAV
2549009069,0,416877470,158,2,16,1701554593,5000,LeiZNZYj56ZQjveMM7NgLAaDPM9QtGHv2qocSy6teAV
2549004069,0,416876882,158,2,16,1701554593,5000,LeiZNZYj56ZQjveMM7NgLAaDPM9QtGHv2qocSy6teAV
2549014069,0,416878058,158,2,16,1701554591,5000,LeiZNZYj56ZQjveMM7NgLAaDPM9QtGHv2qocSy6teAV
2549019069,0,416878646,158,2,16,1701554591,5000,LeiZNZYj56ZQjveMM7NgLAaDPM9QtGHv2qocSy6teAV
2549024069,0,416879235,158,2,16,1701554591,5000,LeiZNZYj56ZQjveMM7NgLAaDPM9QtGHv2qocSy6teAV
2549029069,0,416879823,158,2,16,1701554591,5000,LeiZNZYj56ZQjveMM7NgLAaDPM9QtGHv2qocSy6teAV
2549034069,0,416880411,158,2,16,1701554590,5000,LeiZNZYj56ZQjveMM7NgLAaDPM9QtGHv2qocSy6teAV
2549044069,0,416881587,158,2,16,1701554590,5000,LeiZNZYj56ZQjveMM7NgLAaDPM9QtGHv2qocSy6teAV
2549039069,0,416880999,155,2,16,1701554590,5000,LeiZNZYj56ZQjveMM7NgLAaDPM9QtGHv2qocSy6teAV
2549049069,0,416882175,158,2,16,1701554586,5000,LeiZNZYj56ZQjveMM7NgLAaDPM9QtGHv2qocSy6teAV
2549054069,0,416882763,158,2,16,1701554586,5000,LeiZNZYj56ZQjveMM7NgLAaDPM9QtGHv2qocSy6teAV
2549059069,0,416883351,158,2,16,1701554586,5000,LeiZNZYj56ZQjveMM7NgLAaDPM9QtGHv2qocSy6teAV
2549064069,0,416883940,158,2,16,1701554586,5000,LeiZNZYj56ZQjveMM7NgLAaDPM9QtGHv2qocSy6teAV
2549069069,0,416884528,158,2,16,1701554585,5000,LeiZNZYj56ZQjveMM7NgLAaDPM9QtGHv2qocSy6teAV
2549074069,0,416885116,158,2,16,1701554584,5000,LeiZNZYj56ZQjveMM7NgLAaDPM9QtGHv2qocSy6teAV
2549079069,0,416885704,158,2,16,1701554584,5000,LeiZNZYj56ZQjveMM7NgLAaDPM9QtGHv2qocSy6teAV
2549084069,0,416886292,158,2,16,1701554584,5000,LeiZNZYj56ZQjveMM7NgLAaDPM9QtGHv2qocSy6teAV
2549089069,0,416886880,158,2,16,1701554583,5000,LeiZNZYj56ZQjveMM7NgLAaDPM9QtGHv2qocSy6teAV
2549094069,0,416887468,158,2,16,1701554583,5000,LeiZNZYj56ZQjveMM7NgLAaDPM9QtGHv2qocSy6teAV
2549099069,0,416888057,158,2,16,1701554583,5000,LeiZNZYj56ZQjveMM7NgLAaDPM9QtGHv2qocSy6teAV
2549104069,0,416888645,158,2,16,1701554582,5000,LeiZNZYj56ZQjveMM7NgLAaDPM9QtGHv2qocSy6teAV
2549109069,0,416889233,158,2,16,1701554582,5000,LeiZNZYj56ZQjveMM7NgLAaDPM9QtGHv2qocSy6teAV
2549119069,0,416890409,158,2,16,1701554581,5000,LeiZNZYj56ZQjveMM7NgLAaDPM9QtGHv2qocSy6teAV
2549114069,0,416889821,158,2,16,1701554581,5000,LeiZNZYj56ZQjveMM7NgLAaDPM9QtGHv2qocSy6teAV
2549124069,0,416890997,158,2,16,1701554580,5000,LeiZNZYj56ZQjveMM7NgLAaDPM9QtGHv2qocSy6teAV
2549129069,0,416891585,158,2,16,1701554579,5000,LeiZNZYj56ZQjveMM7NgLAaDPM9QtGHv2qocSy6teAV
2549139069,0,416892762,158,2,16,1701554579,5000,LeiZNZYj56ZQjveMM7NgLAaDPM9QtGHv2qocSy6teAV
2549134069,0,416892173,158,2,16,1701554579,5000,LeiZNZYj56ZQjveMM7NgLAaDPM9QtGHv2qocSy6teAV
2549144069,0,416893350,158,2,16,1701554578,5000,LeiZNZYj56ZQjveMM7NgLAaDPM9QtGHv2qocSy6teAV
2549149069,0,416893938,158,2,16,1701554577,5000,LeiZNZYj56ZQjveMM7NgLAaDPM9QtGHv2qocSy6teAV
2549154069,0,416894526,158,2,16,1701554577,5000,LeiZNZYj56ZQjveMM7NgLAaDPM9QtGHv2qocSy6teAV
2549159069,0,416895114,158,2,16,1701554576,5000,LeiZNZYj56ZQjveMM7NgLAaDPM9QtGHv2qocSy6teAV
2549164069,0,416895702,158,2,16,1701554576,5000,LeiZNZYj56ZQjveMM7NgLAaDPM9QtGHv2qocSy6teAV
2549169069,0,416896290,158,2,16,1701554575,5000,LeiZNZYj56ZQjveMM7NgLAaDPM9QtGHv2qocSy6teAV
2549174069,0,416896878,158,2,16,1701554574,5000,LeiZNZYj56ZQjveMM7NgLAaDPM9QtGHv2qocSy6teAV
2549179069,0,416897467,158,2,16,1701554574,5000,LeiZNZYj56ZQjveMM7NgLAaDPM9QtGHv2qocSy6teAV
2549189069,0,416898643,158,2,16,1701554574,5000,LeiZNZYj56ZQjveMM7NgLAaDPM9QtGHv2qocSy6teAV
2549184069,0,416898055,158,2,16,1701554574,5000,LeiZNZYj56ZQjveMM7NgLAaDPM9QtGHv2qocSy6teAV
2549194069,0,416899231,158,2,16,1701554572,5000,LeiZNZYj56ZQjveMM7NgLAaDPM9QtGHv2qocSy6teAV
2549199069,0,416899819,158,2,16,1701554571,5000,LeiZNZYj56ZQjveMM7NgLAaDPM9QtGHv2qocSy6teAV
2549204069,0,416900407,158,2,16,1701554571,5000,LeiZNZYj56ZQjveMM7NgLAaDPM9QtGHv2qocSy6teAV
2549209069,0,416900996,158,2,16,1701554571,5000,LeiZNZYj56ZQjveMM7NgLAaDPM9QtGHv2qocSy6teAV
2549214069,0,416901584,158,2,16,1701554569,5000,LeiZNZYj56ZQjveMM7NgLAaDPM9QtGHv2qocSy6teAV
2549219069,0,416902172,158,2,16,1701554569,5000,LeiZNZYj56ZQjveMM7NgLAaDPM9QtGHv2qocSy6teAV
2549224069,0,416902760,158,2,16,1701554569,5000,LeiZNZYj56ZQjveMM7NgLAaDPM9QtGHv2qocSy6teAV
2549229069,0,416903348,158,2,16,1701554568,5000,LeiZNZYj56ZQjveMM7NgLAaDPM9QtGHv2qocSy6teAV
2549234069,0,416903936,158,2,16,1701554567,5000,LeiZNZYj56ZQjveMM7NgLAaDPM9QtGHv2qocSy6teAV
2549239069,0,416904524,158,2,16,1701554566,5000,LeiZNZYj56ZQjveMM7NgLAaDPM9QtGHv2qocSy6teAV
2549244069,0,416905112,158,2,16,1701554565,5000,LeiZNZYj56ZQjveMM7NgLAaDPM9QtGHv2qocSy6teAV
2549249069,0,416905700,158,2,16,1701554565,5000,LeiZNZYj56ZQjveMM7NgLAaDPM9QtGHv2qocSy6teAV
2549254069,0,416906288,158,2,16,1701554564,5000,LeiZNZYj56ZQjveMM7NgLAaDPM9QtGHv2qocSy6teAV
2549259069,0,416906877,158,2,16,1701554563,5000,LeiZNZYj56ZQjveMM7NgLAaDPM9QtGHv2qocSy6teAV
2549264069,0,416907465,158,2,16,1701554563,5000,LeiZNZYj56ZQjveMM7NgLAaDPM9QtGHv2qocSy6teAV
2549269069,0,416908053,158,2,16,1701554563,5000,LeiZNZYj56ZQjveMM7NgLAaDPM9QtGHv2qocSy6teAV
2549274069,0,416908641,158,2,16,1701554562,5000,LeiZNZYj56ZQjveMM7NgLAaDPM9QtGHv2qocSy6teAV
2549279069,0,416909229,158,2,16,1701554561,5000,LeiZNZYj56ZQjveMM7NgLAaDPM9QtGHv2qocSy6teAV
2549284069,0,416909817,158,2,16,1701554561,5000,LeiZNZYj56ZQjveMM7NgLAaDPM9QtGHv2qocSy6teAV
2549289069,0,416910405,158,2,16,1701554560,5000,LeiZNZYj56ZQjveMM7NgLAaDPM9QtGHv2qocSy6teAV
2549294069,0,416910994,158,2,16,1701554560,5000,LeiZNZYj56ZQjveMM7NgLAaDPM9QtGHv2qocSy6teAV
2549304069,0,416912170,158,2,16,1701554560,5000,LeiZNZYj56ZQjveMM7NgLAaDPM9QtGHv2qocSy6teAV
2549299069,0,416911582,158,2,16,1701554560,5000,LeiZNZYj56ZQjveMM7NgLAaDPM9QtGHv2qocSy6teAV
2549309069,0,416912758,158,2,16,1701554559,5000,LeiZNZYj56ZQjveMM7NgLAaDPM9QtGHv2qocSy6teAV
2549314069,0,416913346,158,2,16,1701554558,5000,LeiZNZYj56ZQjveMM7NgLAaDPM9QtGHv2qocSy6teAV
2549319069,0,416913934,158,2,16,1701554557,5000,LeiZNZYj56ZQjveMM7NgLAaDPM9QtGHv2qocSy6teAV
2549324069,0,416914522,155,2,16,1701554556,5000,LeiZNZYj56ZQjveMM7NgLAaDPM9QtGHv2qocSy6teAV
2549329069,0,416915110,158,2,16,1701554554,5000,LeiZNZYj56ZQjveMM7NgLAaDPM9QtGHv2qocSy6teAV
2549334069,0,416915698,158,2,16,1701554552,5000,LeiZNZYj56ZQjveMM7NgLAaDPM9QtGHv2qocSy6teAV
2549339069,0,416916286,158,2,16,1701554551,5000,LeiZNZYj56ZQjveMM7NgLAaDPM9QtGHv2qocSy6teAV
2549344069,0,416916874,158,2,16,1701554551,5000,LeiZNZYj56ZQjveMM7NgLAaDPM9QtGHv2qocSy6teAV
2549349069,0,416917462,158,2,16,1701554550,5000,LeiZNZYj56ZQjveMM7NgLAaDPM9QtGHv2qocSy6teAV
2549354069,0,416918051,155,2,16,1701554550,5000,LeiZNZYj56ZQjveMM7NgLAaDPM9QtGHv2qocSy6teAV
2549359069,0,416918639,158,2,16,1701554548,5000,LeiZNZYj56ZQjveMM7NgLAaDPM9QtGHv2qocSy6teAV
2549364069,0,416919226,158,2,16,1701554546,5000,LeiZNZYj56ZQjveMM7NgLAaDPM9QtGHv2qocSy6teAV
2549369069,0,416919815,158,2,16,1701554545,5000,LeiZNZYj56ZQjveMM7NgLAaDPM9QtGHv2qocSy6teAV
2549374069,0,416920403,158,2,16,1701554545,5000,LeiZNZYj56ZQjveMM7NgLAaDPM9QtGHv2qocSy6teAV
2549379069,0,416920991,158,2,16,1701554544,5000,LeiZNZYj56ZQjveMM7NgLAaDPM9QtGHv2qocSy6teAV
2549384069,0,416921579,158,2,16,1701554543,5000,LeiZNZYj56ZQjveMM7NgLAaDPM9QtGHv2qocSy6teAV
2549389069,0,416922167,158,2,16,1701554543,5000,LeiZNZYj56ZQjveMM7NgLAaDPM9QtGHv2qocSy6teAV
2549394069,0,416922755,158,2,16,1701554542,5000,LeiZNZYj56ZQjveMM7NgLAaDPM9QtGHv2qocSy6teAV
2549399069,0,416923343,158,2,16,1701554541,5000,LeiZNZYj56ZQjveMM7NgLAaDPM9QtGHv2qocSy6teAV
2549404069,0,416923931,158,2,16,1701554541,5000,LeiZNZYj56ZQjveMM7NgLAaDPM9QtGHv2qocSy6teAV
2549409069,0,416924520,158,2,16,1701554540,5000,LeiZNZYj56ZQjveMM7NgLAaDPM9QtGHv2qocSy6teAV
2549414069,0,416925108,158,2,16,1701554539,5000,LeiZNZYj56ZQjveMM7NgLAaDPM9QtGHv2qocSy6teAV
2549419069,0,416925696,158,2,16,1701554539,5000,LeiZNZYj56ZQjveMM7NgLAaDPM9QtGHv2qocSy6teAV
2549424069,0,416926284,158,2,16,1701554539,5000,LeiZNZYj56ZQjveMM7NgLAaDPM9QtGHv2qocSy6teAV
2549429069,0,416926872,158,2,16,1701554539,5000,LeiZNZYj56ZQjveMM7NgLAaDPM9QtGHv2qocSy6teAV
2549434069,0,416927460,158,2,16,1701554538,5000,LeiZNZYj56ZQjveMM7NgLAaDPM9QtGHv2qocSy6teAV
2549439069,0,416928048,158,2,16,1701554536,5000,LeiZNZYj56ZQjveMM7NgLAaDPM9QtGHv2qocSy6teAV
2549444069,0,416928636,158,2,16,1701554535,5000,LeiZNZYj56ZQjveMM7NgLAaDPM9QtGHv2qocSy6teAV
2549449069,0,416929225,158,2,16,1701554534,5000,LeiZNZYj56ZQjveMM7NgLAaDPM9QtGHv2qocSy6teAV
2549454069,0,416929813,158,2,16,1701554534,5000,LeiZNZYj56ZQjveMM7NgLAaDPM9QtGHv2qocSy6teAV
2549459069,0,416930401,158,2,16,1701554533,5000,LeiZNZYj56ZQjveMM7NgLAaDPM9QtGHv2qocSy6teAV
2549464069,0,416930989,158,2,16,1701554532,5000,LeiZNZYj56ZQjveMM7NgLAaDPM9QtGHv2qocSy6teAV
2549469069,0,416931577,158,2,16,1701554531,5000,LeiZNZYj56ZQjveMM7NgLAaDPM9QtGHv2qocSy6teAV
2549474069,0,416932165,158,2,16,1701554529,5000,LeiZNZYj56ZQjveMM7NgLAaDPM9QtGHv2qocSy6teAV
2549479069,0,416932753,158,2,16,1701554529,5000,LeiZNZYj56ZQjveMM7NgLAaDPM9QtGHv2qocSy6teAV
2549484069,0,416933341,158,2,16,1701554528,5000,LeiZNZYj56ZQjveMM7NgLAaDPM9QtGHv2qocSy6teAV
2549489069,0,416933929,158,2,16,1701554523,5000,LeiZNZYj56ZQjveMM7NgLAaDPM9QtGHv2qocSy6teAV
2549494069,0,416934517,158,2,16,1701554523,5000,LeiZNZYj56ZQjveMM7NgLAaDPM9QtGHv2qocSy6teAV
2549504069,0,416935693,158,2,16,1701554522,5000,LeiZNZYj56ZQjveMM7NgLAaDPM9QtGHv2qocSy6teAV
2549499069,0,416935105,158,2,16,1701554522,5000,LeiZNZYj56ZQjveMM7NgLAaDPM9QtGHv2qocSy6teAV
2549509069,0,416936281,158,2,16,1701554522,5000,LeiZNZYj56ZQjveMM7NgLAaDPM9QtGHv2qocSy6teAV
2549514069,0,416936870,158,2,16,1701554522,5000,LeiZNZYj56ZQjveMM7NgLAaDPM9QtGHv2qocSy6teAV
2549519069,0,416937458,158,2,16,1701554521,5000,LeiZNZYj56ZQjveMM7NgLAaDPM9QtGHv2qocSy6teAV
2549524069,0,416938046,158,2,16,1701554520,5000,LeiZNZYj56ZQjveMM7NgLAaDPM9QtGHv2qocSy6teAV
2549529069,0,416938634,158,2,16,1701554520,5000,LeiZNZYj56ZQjveMM7NgLAaDPM9QtGHv2qocSy6teAV
2549534069,0,416939222,158,2,16,1701554519,5000,LeiZNZYj56ZQjveMM7NgLAaDPM9QtGHv2qocSy6teAV
2549539069,0,416939810,158,2,16,1701554518,5000,LeiZNZYj56ZQjveMM7NgLAaDPM9QtGHv2qocSy6teAV
2549544069,0,416940398,158,2,16,1701554517,5000,LeiZNZYj56ZQjveMM7NgLAaDPM9QtGHv2qocSy6teAV
2549549069,0,416940986,158,2,16,1701554516,5000,LeiZNZYj56ZQjveMM7NgLAaDPM9QtGHv2qocSy6teAV
2549554069,0,416941574,158,2,16,1701554516,5000,LeiZNZYj56ZQjveMM7NgLAaDPM9QtGHv2qocSy6teAV
2549559069,0,416942163,158,2,16,1701554515,5000,LeiZNZYj56ZQjveMM7NgLAaDPM9QtGHv2qocSy6teAV
2549569069,0,416943339,158,2,16,1701554514,5000,LeiZNZYj56ZQjveMM7NgLAaDPM9QtGHv2qocSy6teAV
2549564069,0,416942751,158,2,16,1701554514,5000,LeiZNZYj56ZQjveMM7NgLAaDPM9QtGHv2qocSy6teAV
2549574069,0,416943927,158,2,16,1701554513,5000,LeiZNZYj56ZQjveMM7NgLAaDPM9QtGHv2qocSy6teAV
2549579069,0,416944515,158,2,16,1701554513,5000,LeiZNZYj56ZQjveMM7NgLAaDPM9QtGHv2qocSy6teAV
2549589069,0,416945691,158,2,16,1701554513,5000,LeiZNZYj56ZQjveMM7NgLAaDPM9QtGHv2qocSy6teAV
2549584069,0,416945103,158,2,16,1701554513,5000,LeiZNZYj56ZQjveMM7NgLAaDPM9QtGHv2qocSy6teAV
2549594069,0,416946280,158,2,16,1701554512,5000,LeiZNZYj56ZQjveMM7NgLAaDPM9QtGHv2qocSy6teAV
2549599069,0,416946868,158,2,16,1701554511,5000,LeiZNZYj56ZQjveMM7NgLAaDPM9QtGHv2qocSy6teAV
2549604069,0,416947456,158,2,16,1701554511,5000,LeiZNZYj56ZQjveMM7NgLAaDPM9QtGHv2qocSy6teAV
2549609069,0,416948044,158,2,16,1701554510,5000,LeiZNZYj56ZQjveMM7NgLAaDPM9QtGHv2qocSy6teAV
2549614069,0,416948632,158,2,16,1701554509,5000,LeiZNZYj56ZQjveMM7NgLAaDPM9QtGHv2qocSy6teAV
2549619069,0,416949220,158,2,16,1701554509,5000,LeiZNZYj56ZQjveMM7NgLAaDPM9QtGHv2qocSy6teAV
2549624069,0,416949808,158,2,16,1701554509,5000,LeiZNZYj56ZQjveMM7NgLAaDPM9QtGHv2qocSy6teAV
2549629069,0,416950396,158,2,16,1701554508,5000,LeiZNZYj56ZQjveMM7NgLAaDPM9QtGHv2qocSy6teAV
2549639069,0,416951573,158,2,16,1701554508,5000,LeiZNZYj56ZQjveMM7NgLAaDPM9QtGHv2qocSy6teAV
2549634069,0,416950985,158,2,16,1701554508,5000,LeiZNZYj56ZQjveMM7NgLAaDPM9QtGHv2qocSy6teAV
2549644069,0,416952161,158,2,16,1701554506,5000,LeiZNZYj56ZQjveMM7NgLAaDPM9QtGHv2qocSy6teAV
2549649069,0,416952749,158,2,16,1701554505,5000,LeiZNZYj56ZQjveMM7NgLAaDPM9QtGHv2qocSy6teAV
2549654069,0,416953337,158,2,16,1701554503,5000,LeiZNZYj56ZQjveMM7NgLAaDPM9QtGHv2qocSy6teAV
2549659069,0,416953925,158,2,16,1701554502,5000,LeiZNZYj56ZQjveMM7NgLAaDPM9QtGHv2qocSy6teAV
2549669069,0,416955101,158,2,16,1701554502,5000,LeiZNZYj56ZQjveMM7NgLAaDPM9QtGHv2qocSy6teAV
2549664069,0,416954513,158,2,16,1701554502,5000,LeiZNZYj56ZQjveMM7NgLAaDPM9QtGHv2qocSy6teAV
2549674069,0,416955689,158,2,16,1701554501,5000,LeiZNZYj56ZQjveMM7NgLAaDPM9QtGHv2qocSy6teAV
2549684069,0,416956866,158,2,16,1701554501,5000,LeiZNZYj56ZQjveMM7NgLAaDPM9QtGHv2qocSy6teAV
2549679069,0,416956277,158,2,16,1701554501,5000,LeiZNZYj56ZQjveMM7NgLAaDPM9QtGHv2qocSy6teAV
2549689069,0,416957453,158,2,16,1701554498,5000,LeiZNZYj56ZQjveMM7NgLAaDPM9QtGHv2qocSy6teAV
2549694069,0,416958042,158,2,16,1701554498,5000,LeiZNZYj56ZQjveMM7NgLAaDPM9QtGHv2qocSy6teAV
2549699069,0,416958630,158,2,16,1701554498,5000,LeiZNZYj56ZQjveMM7NgLAaDPM9QtGHv2qocSy6teAV
2549704069,0,416959218,158,2,16,1701554497,5000,LeiZNZYj56ZQjveMM7NgLAaDPM9QtGHv2qocSy6teAV
2549709069,0,416959806,158,2,16,1701554497,5000,LeiZNZYj56ZQjveMM7NgLAaDPM9QtGHv2qocSy6teAV
2549714069,0,416960394,158,2,16,1701554496,5000,LeiZNZYj56ZQjveMM7NgLAaDPM9QtGHv2qocSy6teAV
2549719069,0,416960982,158,2,16,1701554495,5000,LeiZNZYj56ZQjveMM7NgLAaDPM9QtGHv2qocSy6teAV
2549724069,0,416961570,158,2,16,1701554493,5000,LeiZNZYj56ZQjveMM7NgLAaDPM9QtGHv2qocSy6teAV
2549729069,0,416962158,158,2,16,1701554493,5000,LeiZNZYj56ZQjveMM7NgLAaDPM9QtGHv2qocSy6teAV
2549734069,0,416962746,158,2,16,1701554492,5000,LeiZNZYj56ZQjveMM7NgLAaDPM9QtGHv2qocSy6teAV
